{
  "test_timestamp": "2025-07-29T02:39:11.920486",
  "configuration": {
    "num_actors": 1000,
    "num_messages": 100000,
    "optimization": "batch_processing_bounded_queues"
  },
  "performance": {
    "messages_sent": 100000,
    "messages_failed": 0,
    "messages_processed": 100000,
    "send_time_seconds": 17.274897813796997,
    "total_time_seconds": 17.668118953704834,
    "send_throughput_msg_sec": 5788.746253545574,
    "overall_throughput_msg_sec": 5659.912085832486,
    "processing_efficiency": 100.0
  }
}