{
  "benchmark_id": "REAL_security_system_20250729_150310",
  "timestamp": "2025-07-29T15:03:10.899774",
  "system": "security_systems",
  "test_type": "REAL_ONLY",
  "mock_mode": false,
  "tests": {
    "real_hardware_security": {
      "real_test": true,
      "total_tests": 5,
      "successful_operations": 1,
      "failed_operations": 4,
      "operation_times": [
        0.00095367431640625,
        0.0007152557373046875,
        0.0
      ],
      "hardware_operations": {
        "retrieve_nonexistent_key": {
          "success": true,
          "operation_time_ms": 0.00095367431640625,
          "expected_failure": true,
          "error": "No hardware root"
        }
      },
      "real_security_errors": [
        "Store test_key_1: Hardware not available",
        "Store test_key_2: Hardware not available",
        "Retrieve test_key_1: No hardware root",
        "Store large_key: Hardware not available"
      ],
      "tpm_available": false,
      "success_rate": 0.2,
      "average_operation_time_ms": 0.0005563100179036459,
      "min_operation_time_ms": 0.0,
      "max_operation_time_ms": 0.00095367431640625
    },
    "real_moderation_system": {
      "real_test": true,
      "total_tests": 8,
      "correct_moderation": 5,
      "false_positives": 0,
      "false_negatives": 3,
      "moderation_times": [
        0.0021457672119140625,
        0.03790855407714844,
        0.00095367431640625,
        0.016927719116210938,
        0.00095367431640625,
        0.00095367431640625,
        0.0,
        0.0011920928955078125
      ],
      "category_performance": {
        "benign": {
          "correct": 2,
          "total": 2,
          "times": [
            0.0021457672119140625,
            0.00095367431640625
          ],
          "accuracy": 1.0,
          "avg_time_ms": 0.0015497207641601562
        },
        "intense_with_banned": {
          "correct": 1,
          "total": 1,
          "times": [
            0.03790855407714844
          ],
          "accuracy": 1.0,
          "avg_time_ms": 0.03790855407714844
        },
        "security_threat": {
          "correct": 0,
          "total": 1,
          "times": [
            0.00095367431640625
          ],
          "accuracy": 0.0,
          "avg_time_ms": 0.00095367431640625
        },
        "intense_but_clean": {
          "correct": 1,
          "total": 1,
          "times": [
            0.016927719116210938
          ],
          "accuracy": 1.0,
          "avg_time_ms": 0.016927719116210938
        },
        "security_bypass": {
          "correct": 0,
          "total": 1,
          "times": [
            0.00095367431640625
          ],
          "accuracy": 0.0,
          "avg_time_ms": 0.00095367431640625
        },
        "intense_malware": {
          "correct": 0,
          "total": 1,
          "times": [
            0.0
          ],
          "accuracy": 0.0,
          "avg_time_ms": 0.0
        },
        "legitimate": {
          "correct": 1,
          "total": 1,
          "times": [
            0.0011920928955078125
          ],
          "accuracy": 1.0,
          "avg_time_ms": 0.0011920928955078125
        }
      },
      "real_moderation_errors": [],
      "moderation_accuracy": 0.625,
      "average_moderation_time_ms": 0.00762939453125
    },
    "real_ethics_guardian": {
      "real_test": true,
      "total_assessments": 7,
      "accurate_assessments": 4,
      "risk_overestimates": 1,
      "risk_underestimates": 2,
      "assessment_times": [
        0.00095367431640625,
        0.0,
        0.0,
        0.00095367431640625,
        0.0,
        0.0,
        0.0
      ],
      "risk_distributions": {
        "low": 1,
        "medium": 3,
        "high": 3
      },
      "real_ethics_errors": [],
      "ethics_accuracy": 0.5714285714285714,
      "average_assessment_time_ms": 0.00027247837611607144,
      "risk_balance": {
        "low_percentage": 0.14285714285714285,
        "medium_percentage": 0.42857142857142855,
        "high_percentage": 0.42857142857142855
      }
    },
    "real_security_integration": {
      "real_test": true,
      "available_systems": [
        "hardware",
        "moderation",
        "ethics"
      ],
      "total_integration_tests": 3,
      "successful_integrations": 3,
      "failed_integrations": 0,
      "integration_times": [
        0.0030994415283203125,
        0.0016689300537109375,
        0.00095367431640625
      ],
      "integration_results": {
        "secure_data_processing": {
          "success": true,
          "total_time_ms": 0.0030994415283203125,
          "steps": [
            {
              "step": "store_key",
              "success": true,
              "storage_method": "software_fallback",
              "tpm_available": false,
              "time_ms": 0.0
            },
            {
              "step": "moderate_content",
              "success": true,
              "blocked": false,
              "time_ms": 0.0011920928955078125
            },
            {
              "step": "assess_risk",
              "success": true,
              "risk_score": 0.5,
              "time_ms": 0.00095367431640625
            }
          ],
          "systems_used": 3
        },
        "threat_response_pipeline": {
          "success": true,
          "total_time_ms": 0.0016689300537109375,
          "steps": [
            {
              "step": "moderate_content",
              "success": true,
              "blocked": false,
              "time_ms": 0.0
            },
            {
              "step": "assess_risk",
              "success": true,
              "risk_score": 0.5,
              "time_ms": 0.0
            },
            {
              "step": "store_key",
              "success": true,
              "storage_method": "software_fallback",
              "tpm_available": false,
              "time_ms": 0.0
            }
          ],
          "systems_used": 3
        },
        "compliance_workflow": {
          "success": true,
          "total_time_ms": 0.00095367431640625,
          "steps": [
            {
              "step": "assess_risk",
              "success": true,
              "risk_score": 0.5,
              "time_ms": 0.0
            },
            {
              "step": "moderate_content",
              "success": true,
              "blocked": false,
              "time_ms": 0.00095367431640625
            },
            {
              "step": "store_key",
              "success": true,
              "storage_method": "software_fallback",
              "tpm_available": false,
              "time_ms": 0.0
            }
          ],
          "systems_used": 3
        }
      },
      "real_integration_errors": [],
      "integration_success_rate": 1.0,
      "average_integration_time_ms": 0.0019073486328125,
      "system_coverage": 1.0
    }
  },
  "summary": {
    "total_attempted_tests": 4,
    "real_tests_executed": 4,
    "mock_tests_executed": 0,
    "import_success_rate": 1.0,
    "overall_system_health": "HEALTHY",
    "investor_ready": true,
    "key_metrics": {
      "real_hardware_security_success_rate": 0.2,
      "real_hardware_security_latency_ms": 0.0005563100179036459,
      "hardware_security_available": false,
      "real_moderation_system_accuracy": 0.625,
      "real_ethics_guardian_accuracy": 0.5714285714285714,
      "real_security_integration_success_rate": 1.0
    }
  },
  "import_status": {
    "hardware_root": "SUCCESS",
    "moderator": "SUCCESS",
    "ethics_guardian": "SUCCESS",
    "security_environment": "SUCCESS"
  }
}