{
  "benchmark_id": "REAL_reasoning_system_20250729_150253",
  "timestamp": "2025-07-29T15:02:53.528638",
  "system": "reasoning_systems",
  "test_type": "REAL_ONLY",
  "mock_mode": false,
  "tests": {
    "logical_inference": {
      "total_tests": 5,
      "successful_inferences": 0,
      "failed_inferences": 5,
      "inference_latencies": [],
      "inference_accuracies": {},
      "average_confidence": 0,
      "logical_operators_tested": [],
      "success_rate": 0.0,
      "average_latency_ms": 0
    },
    "causal_reasoning": {
      "total_tests": 4,
      "causal_chains_detected": 0,
      "chain_accuracy_scores": [
        0.0,
        0.0,
        0.0,
        0.0
      ],
      "cause_detection_rate": 1.0,
      "effect_detection_rate": 1.0,
      "average_chain_length": 0,
      "causal_keywords_found": [],
      "processing_times": [
        0.74005126953125,
        0.7598400115966797,
        0.7991790771484375,
        0.7050037384033203
      ],
      "average_chain_accuracy": 0.0,
      "average_processing_time": 0.7510185241699219
    },
    "multi_step_chains": {
      "total_tests": 4,
      "successful_chains": 3,
      "failed_chains": 1,
      "chain_lengths": [
        21,
        21,
        19,
        2
      ],
      "confidence_progressions": [
        [
          0.9,
          0.4242424242424242,
          0.42442424242424237,
          0.42946666666666666,
          0.41866666666666663,
          0.4275030303030303,
          0.41670303030303024,
          0.4255393939393939,
          0.4147393939393939,
          0.42357575757575755,
          0.4127757575757575,
          0.42161212121212116,
          0.4108121212121212,
          0.4196484848484848,
          0.4088484848484848,
          0.41768484848484844,
          0.4068848484848484,
          0.41572121212121205,
          0.40492121212121207,
          0.4137575757575757,
          0.4029575757575757
        ],
        [
          0.9,
          0.35571428571428565,
          0.44557142857142856,
          0.4391428571428571,
          0.43034285714285714,
          0.4375428571428571,
          0.4287428571428571,
          0.43594285714285713,
          0.4271428571428571,
          0.43434285714285714,
          0.4255428571428571,
          0.4327428571428571,
          0.4239428571428571,
          0.4311428571428571,
          0.42234285714285713,
          0.4295428571428571,
          0.4207428571428571,
          0.4279428571428571,
          0.4191428571428571,
          0.42634285714285713,
          0.4175428571428571
        ],
        [
          0.9,
          0.38181818181818183,
          0.2281818181818182,
          0.24254545454545456,
          0.21554545454545457,
          0.23763636363636365,
          0.21063636363636368,
          0.23272727272727273,
          0.20572727272727276,
          0.22781818181818184,
          0.20081818181818184,
          0.22290909090909095,
          0.19590909090909092,
          0.21800000000000003,
          0.19100000000000003,
          0.2130909090909091,
          0.18609090909090914,
          0.2081818181818182,
          0.18118181818181822
        ],
        [
          0.9,
          0.19111111111111112
        ]
      ],
      "construction_times": [
        1.7788410186767578,
        3.7970542907714844,
        3.6809444427490234,
        0.2760887145996094
      ],
      "average_steps_per_chain": 15.75,
      "chain_completion_rate": 0.75,
      "average_construction_time": 2.3832321166992188,
      "average_confidence_progression": [
        0.9,
        0.3382215007215007,
        0.36605916305916303,
        0.37038499278499276,
        0.3548516594516595,
        0.36756075036075037,
        0.35202741702741697,
        0.3647365079365079,
        0.34920317460317457,
        0.3619122655122655,
        0.3463789321789321,
        0.35908802308802307,
        0.3435546897546898,
        0.35626378066378067,
        0.34073044733044733,
        0.3534395382395383,
        0.3379062049062049,
        0.35061529581529577,
        0.3350819624819625,
        0.42005021645021645,
        0.4102502164502164
      ]
    },
    "symbolic_evaluation": {
      "total_evaluations": 4,
      "stable_paths": 0,
      "entropic_paths": 3,
      "collapsed_paths": 1,
      "evaluation_times": [
        0.6220340728759766,
        0.9939670562744141,
        0.3578662872314453,
        0.7219314575195312
      ],
      "confidence_scores": [
        0.3665171427944869,
        0.2231614391343385,
        0.10262648552254547,
        0.5194247649617523
      ],
      "entropy_scores": [
        0.8678451178451179,
        0.8863636363636365,
        0.905982905982906,
        0.8134920634920635
      ],
      "path_state_accuracy": 0.5,
      "average_confidence": 0.3029324581032808,
      "average_entropy": 0.868420930920931,
      "average_evaluation_time": 0.6739497184753418
    },
    "predictive_reasoning": {
      "total_predictions": 3,
      "successful_predictions": 0,
      "failed_predictions": 3,
      "prediction_accuracies": [
        0.0,
        0.0,
        0.0
      ],
      "confidence_scores": [],
      "risk_assessments": {
        "LOW": 0,
        "MEDIUM": 0,
        "HIGH": 0,
        "CRITICAL": 0
      },
      "average_prediction_time": 0,
      "prediction_success_rate": 0.0,
      "average_accuracy": 0.0,
      "average_confidence": 0
    }
  },
  "summary": {
    "total_test_suites": 5,
    "successful_test_suites": 5,
    "overall_success_rate": 1.0,
    "mock_mode": false,
    "real_systems_available": 3,
    "total_systems_attempted": 3,
    "key_metrics": {
      "logical_inference_success_rate": 0.0,
      "average_inference_confidence": 0,
      "average_inference_latency_ms": 0,
      "causal_chain_accuracy": 0.0,
      "cause_detection_rate": 1.0,
      "effect_detection_rate": 1.0,
      "chain_completion_rate": 0.75,
      "average_steps_per_chain": 15.75,
      "chain_construction_time_ms": 2.3832321166992188,
      "path_state_accuracy": 0.5,
      "symbolic_confidence": 0.3029324581032808,
      "symbolic_entropy": 0.868420930920931,
      "prediction_success_rate": 0.0,
      "prediction_accuracy": 0.0,
      "prediction_confidence": 0
    }
  },
  "import_status": {
    "symbolic_engine": "SUCCESS",
    "logic_engine": "SUCCESS",
    "oracle": "SUCCESS"
  }
}