{
  "test_timestamp": "2025-07-29T02:00:51.619471",
  "configuration": {
    "num_actors": 1000,
    "num_messages": 100000,
    "optimization": "batch_processing_bounded_queues"
  },
  "performance": {
    "messages_sent": 100000,
    "messages_failed": 0,
    "messages_processed": 100000,
    "send_time_seconds": 15.895171165466309,
    "total_time_seconds": 16.597030878067017,
    "send_throughput_msg_sec": 6291.218821050446,
    "overall_throughput_msg_sec": 6025.174064847348,
    "processing_efficiency": 100.0
  }
}