{
  "timestamp": "2025-06-24T22:08:29.557316",
  "system_info": {
    "python_version": "3.13.5 (main, Jun 11 2025, 15:36:57) [Clang 17.0.0 (clang-1700.0.13.3)]",
    "platform": "darwin",
    "cpu_count": 8,
    "memory_total_gb": 8.0
  },
  "test_results": {
    "sequential": {
      "total_time": 0.08010292053222656,
      "memory_used_mb": 0,
      "memory_peak_mb": 0.04094409942626953,
      "average_generation_time": 0.0016012001037597656,
      "min_generation_time": 0.0009038448333740234,
      "max_generation_time": 0.0020029544830322266,
      "total_operations": 50,
      "success_count": 50,
      "error_count": 0,
      "success_rate": 1.0,
      "operations_per_second": 624.1969664499845
    },
    "concurrent": {
      "total_time": 0.07040619850158691,
      "memory_used_mb": 0,
      "memory_peak_mb": 0.06120586395263672,
      "average_generation_time": 0.0014559080203374226,
      "min_generation_time": 0.0009069442749023438,
      "max_generation_time": 0.0025620460510253906,
      "total_operations": 48,
      "success_count": 48,
      "error_count": 0,
      "success_rate": 1.0,
      "operations_per_second": 681.7581551277493
    },
    "memory": {
      "baseline_memory_mb": 25.078125,
      "final_memory_mb": 25.078125,
      "peak_memory_mb": 25.078125,
      "memory_growth_mb": 0.0,
      "memory_per_operation_kb": 0.0,
      "memory_snapshots": [
        25.078125
      ]
    },
    "stress": {
      "total_time": 0.1816730499267578,
      "memory_used_mb": 0,
      "memory_peak_mb": 0.07027435302734375,
      "average_generation_time": 0.0018009281158447266,
      "min_generation_time": 0.0009891986846923828,
      "max_generation_time": 0.0033969879150390625,
      "total_operations": 100,
      "success_count": 100,
      "error_count": 0,
      "success_rate": 1.0,
      "operations_per_second": 550.4393746915978
    },
    "qrg_comparison": {
      "consciousness_adaptive": {
        "total_time": 0.009418010711669922,
        "memory_used_mb": 0,
        "memory_peak_mb": 0.01884174346923828,
        "average_generation_time": 0.0009279966354370118,
        "min_generation_time": 0.0009000301361083984,
        "max_generation_time": 0.0010030269622802734,
        "total_operations": 10,
        "success_count": 10,
        "error_count": 0,
        "success_rate": 1.0,
        "operations_per_second": 1061.7953521340692
      },
      "cultural_symbolic": {
        "total_time": 0.009117841720581055,
        "memory_used_mb": 0,
        "memory_peak_mb": 0.01889514923095703,
        "average_generation_time": 0.0008988618850708008,
        "min_generation_time": 0.0008840560913085938,
        "max_generation_time": 0.0009210109710693359,
        "total_operations": 10,
        "success_count": 10,
        "error_count": 0,
        "success_rate": 1.0,
        "operations_per_second": 1096.7507779201424
      },
      "quantum_encrypted": {
        "total_time": 0.00958704948425293,
        "memory_used_mb": 0,
        "memory_peak_mb": 0.01878070831298828,
        "average_generation_time": 0.000944828987121582,
        "min_generation_time": 0.0008950233459472656,
        "max_generation_time": 0.0011348724365234375,
        "total_operations": 10,
        "success_count": 10,
        "error_count": 0,
        "success_rate": 1.0,
        "operations_per_second": 1043.0737857800104
      },
      "dream_state": {
        "total_time": 0.009161949157714844,
        "memory_used_mb": 0,
        "memory_peak_mb": 0.02415180206298828,
        "average_generation_time": 0.0009029626846313477,
        "min_generation_time": 0.0008909702301025391,
        "max_generation_time": 0.0009169578552246094,
        "total_operations": 10,
        "success_count": 10,
        "error_count": 0,
        "success_rate": 1.0,
        "operations_per_second": 1091.4708025398147
      },
      "emergency_override": {
        "total_time": 0.00978708267211914,
        "memory_used_mb": 0,
        "memory_peak_mb": 0.01878070831298828,
        "average_generation_time": 0.0009607553482055664,
        "min_generation_time": 0.0008921623229980469,
        "max_generation_time": 0.0010819435119628906,
        "total_operations": 10,
        "success_count": 10,
        "error_count": 0,
        "success_rate": 1.0,
        "operations_per_second": 1021.7549330085262
      },
      "fastest_type": "cultural_symbolic",
      "slowest_type": "emergency_override"
    },
    "scalability": {
      "10": {
        "total_time": 0.0016591548919677734,
        "operations_per_second": 6027.164822531973,
        "average_time_per_operation": 0.00016591548919677734
      },
      "50": {
        "total_time": 0.008403301239013672,
        "operations_per_second": 5950.042558020768,
        "average_time_per_operation": 0.00016806602478027343
      },
      "100": {
        "total_time": 0.017306089401245117,
        "operations_per_second": 5778.312921046469,
        "average_time_per_operation": 0.00017306089401245117
      },
      "500": {
        "total_time": 0.08550477027893066,
        "operations_per_second": 5847.62696126681,
        "average_time_per_operation": 0.00017100954055786132
      },
      "1000": {
        "total_time": 0.16699814796447754,
        "operations_per_second": 5988.0903602159215,
        "average_time_per_operation": 0.00016699814796447755
      }
    }
  },
  "summary": {
    "total_tests": 6,
    "fastest_sequential_ops_per_sec": 624.1969664499845,
    "best_concurrent_ops_per_sec": 681.7581551277493,
    "memory_efficiency": 0.0,
    "stress_success_rate": 1.0
  }
}