{
  "timestamp": "2025-06-24T22:07:29.005891",
  "system_info": {
    "python_version": "3.13.5 (main, Jun 11 2025, 15:36:57) [Clang 17.0.0 (clang-1700.0.13.3)]",
    "platform": "darwin",
    "cpu_count": 8,
    "memory_total_gb": 8.0
  },
  "test_results": {
    "sequential": {
      "total_time": 0.08702325820922852,
      "memory_used_mb": 0,
      "memory_peak_mb": 0.04030132293701172,
      "average_generation_time": 0.0017391729354858398,
      "min_generation_time": 0.0009028911590576172,
      "max_generation_time": 0.0036170482635498047,
      "total_operations": 50,
      "success_count": 50,
      "error_count": 0,
      "success_rate": 1.0,
      "operations_per_second": 574.5590435120904
    },
    "concurrent": {
      "total_time": 0.06862783432006836,
      "memory_used_mb": 0,
      "memory_peak_mb": 0.05761146545410156,
      "average_generation_time": 0.001417467991511027,
      "min_generation_time": 0.0009000301361083984,
      "max_generation_time": 0.0020759105682373047,
      "total_operations": 48,
      "success_count": 48,
      "error_count": 0,
      "success_rate": 1.0,
      "operations_per_second": 699.4246645775867
    },
    "memory": {
      "baseline_memory_mb": 27.65625,
      "final_memory_mb": 27.65625,
      "peak_memory_mb": 27.65625,
      "memory_growth_mb": 0.0,
      "memory_per_operation_kb": 0.0,
      "memory_snapshots": [
        27.65625
      ]
    },
    "stress": {
      "total_time": 0.17657685279846191,
      "memory_used_mb": 0,
      "memory_peak_mb": 0.07036590576171875,
      "average_generation_time": 0.001752009391784668,
      "min_generation_time": 0.0009121894836425781,
      "max_generation_time": 0.0020270347595214844,
      "total_operations": 100,
      "success_count": 100,
      "error_count": 0,
      "success_rate": 1.0,
      "operations_per_second": 566.3256446989469
    },
    "qrg_comparison": {
      "consciousness_adaptive": {
        "total_time": 0.009243965148925781,
        "memory_used_mb": 0,
        "memory_peak_mb": 0.01884937286376953,
        "average_generation_time": 0.000911259651184082,
        "min_generation_time": 0.0008890628814697266,
        "max_generation_time": 0.0009589195251464844,
        "total_operations": 10,
        "success_count": 10,
        "error_count": 0,
        "success_rate": 1.0,
        "operations_per_second": 1081.7868564943774
      },
      "cultural_symbolic": {
        "total_time": 0.009685993194580078,
        "memory_used_mb": 0,
        "memory_peak_mb": 0.01890277862548828,
        "average_generation_time": 0.0009536981582641601,
        "min_generation_time": 0.0008897781372070312,
        "max_generation_time": 0.0010156631469726562,
        "total_operations": 10,
        "success_count": 10,
        "error_count": 0,
        "success_rate": 1.0,
        "operations_per_second": 1032.4186481563531
      },
      "quantum_encrypted": {
        "total_time": 0.009507179260253906,
        "memory_used_mb": 0,
        "memory_peak_mb": 0.01878833770751953,
        "average_generation_time": 0.0009347915649414063,
        "min_generation_time": 0.0008990764617919922,
        "max_generation_time": 0.0010020732879638672,
        "total_operations": 10,
        "success_count": 10,
        "error_count": 0,
        "success_rate": 1.0,
        "operations_per_second": 1051.8366937506269
      },
      "dream_state": {
        "total_time": 0.009469985961914062,
        "memory_used_mb": 0,
        "memory_peak_mb": 0.02415943145751953,
        "average_generation_time": 0.0009332180023193359,
        "min_generation_time": 0.000881195068359375,
        "max_generation_time": 0.0011069774627685547,
        "total_operations": 10,
        "success_count": 10,
        "error_count": 0,
        "success_rate": 1.0,
        "operations_per_second": 1055.9677744209466
      },
      "emergency_override": {
        "total_time": 0.009254217147827148,
        "memory_used_mb": 0,
        "memory_peak_mb": 0.01878833770751953,
        "average_generation_time": 0.0009128808975219727,
        "min_generation_time": 0.0008938312530517578,
        "max_generation_time": 0.0009238719940185547,
        "total_operations": 10,
        "success_count": 10,
        "error_count": 0,
        "success_rate": 1.0,
        "operations_per_second": 1080.5884323070977
      },
      "fastest_type": "consciousness_adaptive",
      "slowest_type": "cultural_symbolic"
    },
    "scalability": {
      "10": {
        "total_time": 0.0016300678253173828,
        "operations_per_second": 6134.714055872459,
        "average_time_per_operation": 0.0001630067825317383
      },
      "50": {
        "total_time": 0.008520126342773438,
        "operations_per_second": 5868.457577792702,
        "average_time_per_operation": 0.00017040252685546876
      },
      "100": {
        "total_time": 0.01698017120361328,
        "operations_per_second": 5889.222128615557,
        "average_time_per_operation": 0.00016980171203613282
      },
      "500": {
        "total_time": 0.08275008201599121,
        "operations_per_second": 6042.290083813771,
        "average_time_per_operation": 0.00016550016403198243
      },
      "1000": {
        "total_time": 0.16571402549743652,
        "operations_per_second": 6034.492234427491,
        "average_time_per_operation": 0.0001657140254974365
      }
    }
  },
  "summary": {
    "total_tests": 6,
    "fastest_sequential_ops_per_sec": 574.5590435120904,
    "best_concurrent_ops_per_sec": 699.4246645775867,
    "memory_efficiency": 0.0,
    "stress_success_rate": 1.0
  }
}