{
  "timestamp": "2025-06-24T22:08:12.548696",
  "system_info": {
    "python_version": "3.13.5 (main, Jun 11 2025, 15:36:57) [Clang 17.0.0 (clang-1700.0.13.3)]",
    "platform": "darwin",
    "cpu_count": 8,
    "memory_total_gb": 8.0
  },
  "test_results": {
    "sequential": {
      "total_time": 0.08029794692993164,
      "memory_used_mb": 0,
      "memory_peak_mb": 0.040370941162109375,
      "average_generation_time": 0.001605057716369629,
      "min_generation_time": 0.0009019374847412109,
      "max_generation_time": 0.002042055130004883,
      "total_operations": 50,
      "success_count": 50,
      "error_count": 0,
      "success_rate": 1.0,
      "operations_per_second": 622.6809266198329
    },
    "concurrent": {
      "total_time": 0.0713038444519043,
      "memory_used_mb": 0,
      "memory_peak_mb": 0.05761146545410156,
      "average_generation_time": 0.0014698952436447144,
      "min_generation_time": 0.0009028911590576172,
      "max_generation_time": 0.002485990524291992,
      "total_operations": 48,
      "success_count": 48,
      "error_count": 0,
      "success_rate": 1.0,
      "operations_per_second": 673.1754840004013
    },
    "memory": {
      "baseline_memory_mb": 27.53125,
      "final_memory_mb": 27.53125,
      "peak_memory_mb": 27.53125,
      "memory_growth_mb": 0.0,
      "memory_per_operation_kb": 0.0,
      "memory_snapshots": [
        27.53125
      ]
    },
    "stress": {
      "total_time": 0.1800708770751953,
      "memory_used_mb": 0,
      "memory_peak_mb": 0.07036590576171875,
      "average_generation_time": 0.0017856669425964356,
      "min_generation_time": 0.000926971435546875,
      "max_generation_time": 0.002290010452270508,
      "total_operations": 100,
      "success_count": 100,
      "error_count": 0,
      "success_rate": 1.0,
      "operations_per_second": 555.3368852545838
    },
    "qrg_comparison": {
      "consciousness_adaptive": {
        "total_time": 0.009185075759887695,
        "memory_used_mb": 0,
        "memory_peak_mb": 0.018845558166503906,
        "average_generation_time": 0.00090484619140625,
        "min_generation_time": 0.0008971691131591797,
        "max_generation_time": 0.00090789794921875,
        "total_operations": 10,
        "success_count": 10,
        "error_count": 0,
        "success_rate": 1.0,
        "operations_per_second": 1088.722647631408
      },
      "cultural_symbolic": {
        "total_time": 0.009206056594848633,
        "memory_used_mb": 0,
        "memory_peak_mb": 0.018898963928222656,
        "average_generation_time": 0.0009079933166503906,
        "min_generation_time": 0.0008921623229980469,
        "max_generation_time": 0.0009720325469970703,
        "total_operations": 10,
        "success_count": 10,
        "error_count": 0,
        "success_rate": 1.0,
        "operations_per_second": 1086.2414212829876
      },
      "quantum_encrypted": {
        "total_time": 0.00911092758178711,
        "memory_used_mb": 0,
        "memory_peak_mb": 0.018784523010253906,
        "average_generation_time": 0.0008993387222290039,
        "min_generation_time": 0.0008878707885742188,
        "max_generation_time": 0.0009069442749023438,
        "total_operations": 10,
        "success_count": 10,
        "error_count": 0,
        "success_rate": 1.0,
        "operations_per_second": 1097.5830847333439
      },
      "dream_state": {
        "total_time": 0.009219884872436523,
        "memory_used_mb": 0,
        "memory_peak_mb": 0.024155616760253906,
        "average_generation_time": 0.000910186767578125,
        "min_generation_time": 0.0008959770202636719,
        "max_generation_time": 0.0009369850158691406,
        "total_operations": 10,
        "success_count": 10,
        "error_count": 0,
        "success_rate": 1.0,
        "operations_per_second": 1084.61224173153
      },
      "emergency_override": {
        "total_time": 0.009217977523803711,
        "memory_used_mb": 0,
        "memory_peak_mb": 0.018784523010253906,
        "average_generation_time": 0.0009093046188354492,
        "min_generation_time": 0.0008959770202636719,
        "max_generation_time": 0.0009431838989257812,
        "total_operations": 10,
        "success_count": 10,
        "error_count": 0,
        "success_rate": 1.0,
        "operations_per_second": 1084.8366655458708
      },
      "fastest_type": "quantum_encrypted",
      "slowest_type": "dream_state"
    },
    "scalability": {
      "10": {
        "total_time": 0.0017380714416503906,
        "operations_per_second": 5753.503429355281,
        "average_time_per_operation": 0.00017380714416503906
      },
      "50": {
        "total_time": 0.008368730545043945,
        "operations_per_second": 5974.621805646563,
        "average_time_per_operation": 0.0001673746109008789
      },
      "100": {
        "total_time": 0.016744136810302734,
        "operations_per_second": 5972.239783568276,
        "average_time_per_operation": 0.00016744136810302733
      },
      "500": {
        "total_time": 0.0828711986541748,
        "operations_per_second": 6033.459249051317,
        "average_time_per_operation": 0.0001657423973083496
      },
      "1000": {
        "total_time": 0.17104697227478027,
        "operations_per_second": 5846.34727350531,
        "average_time_per_operation": 0.00017104697227478027
      }
    }
  },
  "summary": {
    "total_tests": 6,
    "fastest_sequential_ops_per_sec": 622.6809266198329,
    "best_concurrent_ops_per_sec": 673.1754840004013,
    "memory_efficiency": 0.0,
    "stress_success_rate": 1.0
  }
}