{
  "timestamp": "2025-06-24T22:06:33.519254",
  "system_info": {
    "python_version": "3.13.5 (main, Jun 11 2025, 15:36:57) [Clang 17.0.0 (clang-1700.0.13.3)]",
    "platform": "darwin",
    "cpu_count": 8,
    "memory_total_gb": 8.0
  },
  "test_results": {
    "sequential": {
      "total_time": 0.08288908004760742,
      "memory_used_mb": 0,
      "memory_peak_mb": 0.040289878845214844,
      "average_generation_time": 0.0016565275192260741,
      "min_generation_time": 0.0009417533874511719,
      "max_generation_time": 0.0024080276489257812,
      "total_operations": 50,
      "success_count": 50,
      "error_count": 0,
      "success_rate": 1.0,
      "operations_per_second": 603.2157670381002
    },
    "concurrent": {
      "total_time": 0.0708930492401123,
      "memory_used_mb": 0,
      "memory_peak_mb": 0.05763816833496094,
      "average_generation_time": 0.0014633933703104656,
      "min_generation_time": 0.00090789794921875,
      "max_generation_time": 0.0023229122161865234,
      "total_operations": 48,
      "success_count": 48,
      "error_count": 0,
      "success_rate": 1.0,
      "operations_per_second": 677.0762509794953
    },
    "memory": {
      "baseline_memory_mb": 27.546875,
      "final_memory_mb": 27.546875,
      "peak_memory_mb": 27.546875,
      "memory_growth_mb": 0.0,
      "memory_per_operation_kb": 0.0,
      "memory_snapshots": [
        27.546875
      ]
    },
    "stress": {
      "total_time": 0.17612075805664062,
      "memory_used_mb": 0,
      "memory_peak_mb": 0.070343017578125,
      "average_generation_time": 0.0017472147941589356,
      "min_generation_time": 0.0009219646453857422,
      "max_generation_time": 0.002187013626098633,
      "total_operations": 100,
      "success_count": 100,
      "error_count": 0,
      "success_rate": 1.0,
      "operations_per_second": 567.7922415473586
    },
    "qrg_comparison": {
      "consciousness_adaptive": {
        "total_time": 0.010787010192871094,
        "memory_used_mb": 0,
        "memory_peak_mb": 0.018837928771972656,
        "average_generation_time": 0.0010623931884765625,
        "min_generation_time": 0.0008981227874755859,
        "max_generation_time": 0.0018780231475830078,
        "total_operations": 10,
        "success_count": 10,
        "error_count": 0,
        "success_rate": 1.0,
        "operations_per_second": 927.0409336044559
      },
      "cultural_symbolic": {
        "total_time": 0.009454727172851562,
        "memory_used_mb": 0,
        "memory_peak_mb": 0.018891334533691406,
        "average_generation_time": 0.0009292840957641601,
        "min_generation_time": 0.0009002685546875,
        "max_generation_time": 0.0010197162628173828,
        "total_operations": 10,
        "success_count": 10,
        "error_count": 0,
        "success_rate": 1.0,
        "operations_per_second": 1057.6719790195682
      },
      "quantum_encrypted": {
        "total_time": 0.009681224822998047,
        "memory_used_mb": 0,
        "memory_peak_mb": 0.018776893615722656,
        "average_generation_time": 0.0009532690048217774,
        "min_generation_time": 0.0008959770202636719,
        "max_generation_time": 0.0011241436004638672,
        "total_operations": 10,
        "success_count": 10,
        "error_count": 0,
        "success_rate": 1.0,
        "operations_per_second": 1032.9271536226174
      },
      "dream_state": {
        "total_time": 0.009547948837280273,
        "memory_used_mb": 0,
        "memory_peak_mb": 0.024147987365722656,
        "average_generation_time": 0.0009409427642822265,
        "min_generation_time": 0.0009009838104248047,
        "max_generation_time": 0.0010421276092529297,
        "total_operations": 10,
        "success_count": 10,
        "error_count": 0,
        "success_rate": 1.0,
        "operations_per_second": 1047.3453691912002
      },
      "emergency_override": {
        "total_time": 0.009277820587158203,
        "memory_used_mb": 0,
        "memory_peak_mb": 0.018776893615722656,
        "average_generation_time": 0.000913691520690918,
        "min_generation_time": 0.0009009838104248047,
        "max_generation_time": 0.0009341239929199219,
        "total_operations": 10,
        "success_count": 10,
        "error_count": 0,
        "success_rate": 1.0,
        "operations_per_second": 1077.8393380274451
      },
      "fastest_type": "emergency_override",
      "slowest_type": "consciousness_adaptive"
    },
    "scalability": {
      "10": {
        "total_time": 0.0016303062438964844,
        "operations_per_second": 6133.816905527932,
        "average_time_per_operation": 0.00016303062438964843
      },
      "50": {
        "total_time": 0.008474111557006836,
        "operations_per_second": 5900.323551754213,
        "average_time_per_operation": 0.00016948223114013672
      },
      "100": {
        "total_time": 0.016582965850830078,
        "operations_per_second": 6030.284383356816,
        "average_time_per_operation": 0.00016582965850830077
      },
      "500": {
        "total_time": 0.0820770263671875,
        "operations_per_second": 6091.838631715932,
        "average_time_per_operation": 0.000164154052734375
      },
      "1000": {
        "total_time": 0.16150712966918945,
        "operations_per_second": 6191.6771231602725,
        "average_time_per_operation": 0.00016150712966918945
      }
    }
  },
  "summary": {
    "total_tests": 6,
    "fastest_sequential_ops_per_sec": 603.2157670381002,
    "best_concurrent_ops_per_sec": 677.0762509794953,
    "memory_efficiency": 0.0,
    "stress_success_rate": 1.0
  }
}